"kx","ky","distance","E1","E2","E3","E4","E5","E6","E7","E8","E9","E10","E11","E12"
0.,0.,0.,8.638384462814014e-9,0.0032675040616205347,0.40440848163303467,0.8235798714280494,3.532262239169377,3.6020297406164437,3.9893296826752715,4.0079955960577305,4.985583747733129,4.997052747994717,5.420981257873875,5.429984984917542
0.013513513513513514,0.013513513513513514,0.019110994086122907,0.0039037063932032302,0.012280102482779979,0.4042620687564151,0.8233351321927127,3.532473044494751,3.6022943910570655,3.9895019427961045,4.008297783552754,4.984708242610898,4.996262099497064,5.419592674404539,5.4285826777398345
0.02702702702702703,0.02702702702702703,0.03822198817224581,0.005390549477014015,0.024558833043558364,0.4038234109185071,0.8226017206737773,3.5331045153961704,3.6030877819898945,3.9900176190044996,4.009203876443972,4.982094360646254,4.993900152129369,5.415452446591266,5.424405922409491
0.04054054054054054,0.04054054054054054,0.05733298225836872,0.007247618925523014,0.036834753157619554,0.4030942503704407,0.8213820538949803,3.534153815574932,3.60440822786553,3.990873385747727,4.010712459863545,4.977779521748215,4.989996533315395,5.408635353427427,5.417542697017261
0.05405405405405406,0.05405405405405406,0.07644397634449163,0.009289698136252333,0.049106290103474094,0.4020774905169741,0.8196801552676045,3.5356162142250067,3.6062529046958822,3.9920636568030297,4.012821155246907,4.971824540443932,4.9845994327921375,5.399260355817756,5.408131714128425
0.06756756756756757,0.06756756756756757,0.09555497043061453,0.011457055135252303,0.061371667472881156,0.40077719562956055,0.8175016477104273,3.5374850803729636,3.6086178274908183,3.9935805198721614,4.015526589085545,4.964311460828246,4.9777739317380565,5.387483029596281,5.396352078615064
0.08108108108108109,0.08108108108108109,0.11466596451673744,0.013731318533197458,0.0736288326840346,0.39919859091104176,0.814853745151559,3.539751874574559,3.611497817744932,3.9954136452007614,4.018824348013371,4.955340822723873,4.969599871347351,5.373486588317936,5.382411379370695
0.0945945945945946,0.0945945945945946,0.13377695860286035,0.016108625316026744,0.08587538033429692,0.39734806338392614,0.8117452435587116,3.542406137638862,3.6148864600227015,3.99755016865651,4.022708919005741,4.945028596998216,4.960169430301286,5.357472609855058,5.366533861607307
0.10810810810810811,0.10810810810810811,0.15288795268898325,0.018590328679609833,0.09810847007501099,0.39523316420746013,0.8081865130000477,3.545435476018105,3.618776046371395,3.999974550192071,4.027173613032133,4.933503027884532,4.9495845842668755,5.339652398532714,5.348949934389739
0.12162162162162163,0.12162162162162163,0.17199894677510616,0.021179315957033602,0.11032473746402083,0.39286261316872867,0.8041894926056631,3.5488255435303575,3.6231575069422908,4.002668409449739,4.0322104700066355,4.920901591753918,4.937954604706623,5.320239613737459,5.329887735016324
0.13513513513513514,0.13513513513513514,0.19110994086122907,0.0238783681508324,0.12252019600105121,0.3902463062325226,0.7997676907139062,3.55256001916597,3.628020324802446,4.005610341554881,4.037810142291234,4.907368234575261,4.92539372471676,5.299444476794714,5.309566974950136
0.14864864864864866,0.14864864864864866,0.21022093494735197,0.026689360534282874,0.13469012818461823,0.3873953271730355,0.7949361929287407,3.556620580896274,3.6333524324640414,4.008775718059849,4.0439617533119305,4.893050994771505,4.912019063105855,5.277469601635224,5.288194931405682
0.16216216216216217,0.16216216216216217,0.22933192903347488,0.02961284671045512,0.14682896302066464,0.38432196444234074,0.7897116813292011,3.5609868756592706,3.639140087134568,4.012136480751505,4.050652727021372,4.878100063269129,4.8979488607138855,5.254507313269229,5.265964246566936
0.17567567567567569,0.17567567567567569,0.24844292311959779,0.032647830536859844,0.15893013686275756,0.3810397345613601,0.784112468656773,3.565636486063559,3.6453677210793303,4.015660939855676,4.057868582952699,4.862666284267857,4.88330104967014,5.230738221365619,5.243052125739698
0.1891891891891892,0.1891891891891892,0.2675539172057207,0.035791633173979556,0.17098593381486632,0.37756341341897476,0.7781585519950461,3.57054489483606,3.6520177627746415,4.019313593325929,4.065592690439647,4.846900061442194,4.8681921495370295,5.206330786439147,5.219620541662836
0.20270270270270271,0.20270270270270271,0.28666491129184357,0.039039807027720336,0.1829873011211018,0.37390907693777553,0.7718716912624533,3.575685448668206,3.659070423706988,4.023054990652142,4.073805974197005,4.830950605122167,4.852736464994652,5.181441630249919,5.195817113029018
0.21621621621621623,0.21621621621621623,0.3057759053779665,0.042386069470926324,0.19492363400630477,0.3700941525793256,0.7652755187919159,3.581029323890811,3.6665034447260347,4.026841673133112,4.082486561848482,4.814965434977192,4.837045547457419,5.156216379465859,5.171776401009023
0.22972972972972974,0.22972972972972974,0.32488689946408944,0.04582224020820492,0.20678252329097802,0.36613748307683047,0.758395687383868,3.586545497346412,3.674291794788803,4.030626232834014,4.09160936217185,4.799090037591252,4.821227876609902,5.1307908775295195,5.147621440692418
0.24324324324324326,0.24324324324324326,0.3439978935502124,0.04933817242128576,0.21854945779150853,0.3620594035509077,0.7512600654851461,3.5922007269335237,3.682407313781292,4.034357544114775,4.10114556083574,4.7834675669385325,4.805388715822936,5.105292644784735,5.123465386794632
0.25675675675675674,0.25675675675675674,0.3631088876363353,0.052921671859778106,0.23020747207230471,0.35788183270506413,0.7438989895448173,3.597959547552396,3.6908182899145157,4.037981233707626,4.111062018371413,4.76823846672334,4.7896300963131395,5.079842506496901,5.099413202707636
0.2702702702702703,0.2702702702702703,0.38221988172245824,0.05655840102851913,0.24173672863671727,0.3536283779948487,0.736345585013186,3.6037842895636802,3.6994889611398256,4.041440465971721,4.121320553291384,4.753539886602489,4.774050887525881,5.054556340554125,5.07556336014461
0.28378378378378377,0.28378378378378377,0.4013308758085812,0.06023176829588563,0.2531140223435811,0.3493244533826843,0.7286361686915804,3.6096351283222896,3.7083789293695393,4.04467712610784,4.131877092135653,4.739504760669694,4.758746914626303,5.029546920988017,5.0520095457920275
0.2972972972972973,0.2972972972972973,0.4204418698947041,0.06392280459869139,0.2643121941309716,0.3449974063066475,0.7208107457725039,3.6154701747702345,3.717442476537766,4.047633481379103,4.1426806686239654,4.7262604188959765,4.743811087585937,5.004925850074771,5.028842394395674
0.3108108108108108,0.3108108108108108,0.43955286398082705,0.06761003388116942,0.2752994417638805,0.3406766475913315,0.7129136142182335,3.621245618331919,3.7266277735488273,4.050254383206458,4.1536722574476554,4.71392661418362,4.729333509831522,4.980805580466065,5.006151287279575
0.32432432432432434,0.32432432432432434,0.45866385806695,0.07126934785571012,0.2860385185592496,0.33639377390905434,0.704994085811457,3.6269159342435016,3.73587597836676,4.0524900354708295,4.164783436840767,4.7026128730615975,4.715401537732885,4.957301528431275,4.98402627369774
0.33783783783783783,0.33783783783783783,0.4777748521530729,0.0748739014573025,0.29648581898064186,0.33218266681404474,0.6971073252304067,3.632434167727233,3.7451202301957855,4.054299291691458,4.175934891454062,4.6924151190175225,4.702099765460135,4.934534267361152,4.962560191198789
0.35135135135135137,0.35135135135135137,0.49688584623919585,0.07839405268157272,0.30659036583125143,0.3280795451525349,0.6893152925852064,3.6377523067681827,3.7542845663661986,4.055653354473225,4.187034798351815,4.683411572835945,4.689509913258853,4.91263176284581,4.941851080525311
0.36486486486486486,0.36486486486486486,0.5159968403253188,0.08179737925747431,0.31629274222611387,0.32412293892540583,0.6816877463737271,3.6428217533451157,3.763282822169715,4.056539638581248,4.19797719103988,4.6756579987770905,4.677710601387722,4.891731560589033,4.92200500772483
0.3783783783783784,0.3783783783783784,0.5351078344114417,0.08504881418090796,0.3203535431026994,0.3255240586242616,0.67430321665728,3.647593899478298,3.772017627861251,4.056965434242326,4.208640477243737,4.666776997367087,4.669182432387369,4.871982758525758,4.903139411851366
0.3918918918918919,0.3918918918918919,0.5542188284975647,0.0881109509386325,0.31681390108333846,0.33420511735855163,0.6672497860414568,3.652020809156999,3.7803796979535482,4.056960884783062,4.218886402235013,4.656780331467823,4.663979597017161,4.85354747825575,4.885387067836636
0.40540540540540543,0.40540540540540543,0.5733298225836876,0.09094457446237693,0.3135478621593185,0.3422460378636634,0.6606254153379447,3.656056000025271,3.788247718895743,4.056580689839099,4.228559900009222,4.6477872849631,4.6600053221457385,4.836601398869705,4.86890064041741
0.4189189189189189,0.4189189189189189,0.5924408166698105,0.09350947114471525,0.3105997601481475,0.3495467278702415,0.6545374285466077,3.6596553098522313,3.7954892738474304,4.0559038812181925,4.237490440266689,4.63985926849887,4.6571715045610125,4.821332747235754,4.853857508325038
0.43243243243243246,0.43243243243243246,0.6115518107559335,0.09576555527543301,0.308013276123982,0.35599870004775996,0.6491006577178385,3.6627778228498893,3.8019633639884853,4.0550310206329625,4.245495606251191,4.633051623289271,4.655342671748456,4.807939006213292,4.840463896569481
0.44594594594594594,0.44594594594594594,0.6306628048420564,0.0976743151033782,0.3058299823873114,0.3614887725096704,0.6444337092074958,3.6653868208072065,3.8075251199562214,4.054078287821782,4.2523876253838235,4.627412794739063,4.654336223618695,4.796620608500957,4.82895618378279
0.4594594594594595,0.4594594594594595,0.6497737989281793,0.09920052772175993,0.30408761872614143,0.365905048548748,0.6406529559242482,3.667450715089355,3.812033125061415,4.053168248908465,4.2579832797369015,4.622983541817086,4.653929952351187,4.787571173502659,4.819595577957112
0.47297297297297297,0.47297297297297297,0.6688847930143023,0.10031412336027148,0.30281822060041275,0.369145133213854,0.6378642979057595,3.668943909355086,3.8153592678793085,4.052417710532001,4.2621169256203215,4.619796249004646,4.653881654505255,4.780964544601674,4.812651027214561
0.4864864864864865,0.4864864864864865,0.6879957871004252,0.10099201116131659,0.3020462873437686,0.3711257902032,0.6361534877097632,3.669847540811937,3.817400181096491,4.0519239782470535,4.264655277274395,4.617874393602975,4.653964175023452,4.776939974037583,4.808366653816763
0.5,0.5,0.7071067811865481,0.10121963294311849,0.30178722400724034,0.3717923693945174,0.6355766902578629,3.6701500510375205,3.818088329394702,4.051751819913894,4.265511469553763,4.617232189694651,4.65401203409379,4.775587970374253,4.806917199440445
0.4864864864864865,0.5135135135135135,0.7262177752726711,0.10131449928894926,0.30170306769593935,0.37195031741184353,0.6354886494723977,3.669570524764539,3.8179065560390875,4.0503226227413975,4.264107147803617,4.618675071329248,4.654347500171943,4.777314015601541,4.809006547290417
0.47297297297297297,0.527027027027027,0.745328769358794,0.10159889772064816,0.30145070119281486,0.37242355160959273,0.6352245308567482,3.6678509964222226,3.817354221989388,4.046095727389049,4.259934414426342,4.6229920709881736,4.655412683225935,4.782418992570982,4.81518313972422
0.4594594594594595,0.5405405405405406,0.7644397634449169,0.10207222759308292,0.30103043222482706,0.37321024935907166,0.6347843467969458,3.6650465740936076,3.8164121313162926,4.039242808053995,4.2531132334370705,4.630139571709611,4.657362758356436,4.790704777759259,4.825192420264961
0.44594594594594594,0.5540540540540541,0.7835507575310399,0.10273349167988127,0.3004427751071655,0.374307395839529,0.6341681218044756,3.6612428291034758,3.815053881501497,4.0300192386195715,4.243838371571225,4.640024216684406,4.660399951121024,4.80189816901899,4.838666611628835
0.43243243243243246,0.5675675675675675,0.8026617516171628,0.10358130175413238,0.29968845286244633,0.37571081763236475,0.6333758982717483,3.65654800943569,3.813252542112721,4.018729330379365,4.232365909847577,4.652492079948111,4.664723663615088,4.815701744904414,4.85518364162281
0.4189189189189189,0.581081081081081,0.8217727457032857,0.10461388603518915,0.29876840011619243,0.3774152283059903,0.6324077444363332,3.651084669730276,3.810987356289468,4.005693624005056,4.218991327240265,4.667333531829699,4.670497614501032,4.831828218632025,4.874316682301459
0.40540540540540543,0.5945945945945946,0.8408837397894087,0.10582909817850007,0.29768376669650526,0.37941428464078947,0.6312637644619501,3.6449820336877434,3.8082491156295974,3.9912240744347693,4.204024482043083,4.677835773877004,4.684300690654289,4.850016536269272,4.895666242624988
0.3918918918918919,0.6081081081081081,0.8599947338755316,0.1072244274468145,0.29643592185207834,0.38170065189506575,0.629944110520565,3.6383698454579894,3.8050434887295816,3.9756086244970783,4.187767804584462,4.686801084412737,4.703128748202942,4.8700356868294925,4.918875712444067
0.3783783783783784,0.6216216216216216,0.8791057279616545,0.10879700969529646,0.29502645898158836,0.3842660763415147,0.6284489967328576,3.631373929334135,3.801392201203114,3.9591038073230536,4.1705013153945405,4.697410625613595,4.7235540578774255,4.891682445128168,4.943635208355135
0.36486486486486486,0.6351351351351351,0.8982167220477775,0.11054363882164256,0.293457200756793,0.3871014632212321,0.6267787148066304,3.6241133158402947,3.7973323917073767,3.9419329716858895,4.15247480720275,4.709643097418528,4.7453260349866655,4.914776982372726,4.969678731950154
0.35135135135135137,0.6486486486486487,0.9173277161339004,0.11246077837969584,0.2917302045066703,0.39019695826569817,0.6249336511890418,3.6166986236263523,3.79291467015187,3.924287849424743,4.133905605912206,4.723446501432975,4.7682130815833395,4.939158243175472,4.9967782851299525
0.33783783783783783,0.6621621621621622,0.9364387102200233,0.11454457311302825,0.2898477677228287,0.39354203101331225,0.6229143055318486,3.6092313559678786,3.7882004298373877,3.9063317689980983,4.114979860126325,4.738745092025052,4.79200409801537,4.964679797591887,5.024737117161191
0.32432432432432434,0.6756756756756757,0.9555497043061463,0.11679086023601762,0.28781243353552605,0.3971255582874526,0.6207213102518736,3.6018038128337393,3.7832588861167915,3.8882034326180426,4.095855645393621,4.755445262148801,4.816507265881843,4.991206319917307,5.053383205003342
0.3108108108108108,0.6891891891891891,0.9746606983922692,0.11919518036089514,0.28562699600802927,0.40093590639267335,0.618355450956535,3.5944993866560897,3.778164191107735,3.870020648370885,4.0766667268779395,4.7734402978980475,4.841547405892899,5.018610631554831,5.082563417988116
0.2972972972972973,0.7027027027027027,0.9937716924783921,0.12175278803647475,0.28329450509433896,0.40496101080869,0.6158176874936994,3.587393075876898,3.7729928476133354,3.8518837217141346,4.057526312375922,4.792614054712834,4.86696275990587,5.0467711858252455,5.112138471609733
0.28378378378378377,0.7162162162162162,1.012882686564515,0.12445866192257297,0.28081827110530216,0.40918845239577833,0.6131091753768789,3.580552104415665,3.767821537694288,3.8338783961489855,4.03853046665775,4.8128436606384435,4.892601685887616,5.075569873154665,5.141978613095006
0.2702702702702703,0.7297297297297297,1.031993680650638,0.12730751467096083,0.2782018685334113,0.41360552937238493,0.6102312873346913,3.5740365754311862,3.7627254007411106,3.8160783325053402,4.019761062961632,4.834001373578359,4.91831951549454,5.104890043994942,5.171959919661355
0.25675675675675674,0.7432432432432432,1.051104674736761,0.1302938026185516,0.2754491390925687,0.4181993245545872,0.6071856347325205,3.5679001158686727,3.7577767424713127,3.7985471637944377,4.001288257990424,4.855955724651069,4.943975683775213,5.134614668173987,5.201961078802857
0.24324324324324326,0.7567567567567568,1.0702156688228839,0.13341173541976334,0.2725641938384135,0.4229567675614997,0.6039740886172686,3.5621904870910788,3.753044125733427,3.781340180792357,3.983172529123647,4.878572075436614,4.969431168262516,5.164624568385259,5.231860531621958
0.22972972972972974,0.7702702702702703,1.0893266629090068,0.13665528575639171,0.2695514142468759,0.42786469188058945,0.6005988001457978,3.5569501490338506,3.748591780540603,3.7645057064731766,3.9654663322661494,4.901712707426294,4.99454624541954,5.194796681952234,5.261533881975209
0.21621621621621623,0.7837837837837838,1.1084376569951297,0.14001819926340572,0.26641545214158285,0.43290988684523557,0.5970622201646087,3.552216772894783,3.7444792687266877,3.748086213200286,3.948215441638575,4.9252365507579,5.019178569211299,5.225002320229612,5.290851500684784
0.20270270270270271,0.7972972972972973,1.1275486510812527,0.14349400480249888,0.263161228377612,0.43807914470789094,0.5933671177284405,3.5480237019176886,3.732119229590723,3.74076134338472,3.9314600279626655,4.948998649083621,5.043181589138947,5.255105411085159,5.319676284097826
0.1891891891891892,0.8108108108108109,1.1466596451673756,0.14707602520343793,0.2597939302066151,0.44335930308952237,0.5895165973584492,3.544400362416034,3.7166380764782736,3.73748795133191,3.915235523767797,4.972849450342274,5.066403347189052,5.284960729192113,5.347861560974635
0.17567567567567569,0.8243243243243243,1.1657706392534986,0.15075738857468707,0.25631900726459766,0.4487372831536157,0.5855141148652515,3.5413726285277067,3.7016724643022565,3.7347043361242527,3.899573316371625,4.996634010837683,5.088685720665686,5.314412143958032,5.375249183289776
0.16216216216216217,0.8378378378378378,1.1848816333396215,0.15453104026874226,0.2527421661470126,0.4542001238998255,0.5813634915847048,3.5389631447683407,3.6872489782426823,3.7324512079409615,3.88450130156431,5.020191203337134,5.109864207038404,5.343290948570155,5.40166788751873
0.14864864864864866,0.8513513513513513,1.2039926274257444,0.15838975556354234,0.24906936355169235,0.45973501298899777,0.5770689269001568,3.5371916105658845,3.6733914721922907,3.730764954679493,3.870044324547478,5.043353029228182,5.129768373121522,5.371414378416054,5.426932075094449
0.13513513513513514,0.8648648648648649,1.2231036215118674,0.1623261531043534,0.24530679799283991,0.465329314512608,0.5726350089536517,3.536075030803369,3.660121388508282,3.7296778751751374,3.8562245293011754,5.065944149616283,5.1482231075620035,5.398584484639988,5.450841233256478
0.12162162162162163,0.8783783783783784,1.2422146155979903,0.16633270912760392,0.24146090010741547,0.47097059410174896,0.5680667234758016,3.535627936099931,3.6474580170652926,3.729218420814197,3.843061633187004,5.087781768947456,5.165050813941929,5.424587598027695,5.473180295058393
0.10810810810810811,0.8918918918918919,1.2613256096841132,0.17040177247034322,0.23753832159493646,0.4766466417490004,0.5633694606948936,3.5358625761931206,3.6354187044018524,3.729411435949724,3.830573140096427,5.108676023929382,5.180074651253649,5.449194694160038,5.493721306437977
0.0945945945945946,0.9054054054054054,1.2804366037702362,0.17452558034868756,0.23354592284816975,0.4823454926678689,0.5585490203120216,3.5367890893939053,3.624019021570701,3.7302783906571095,3.818774502663058,5.128431044598584,5.19312285888039,5.472163039333528,5.512226804551497
0.08108108108108109,0.918918918918919,1.299547597856359,0.17869627487370263,0.22949075935121527,0.4880554464831479,0.5536116145586357,3.5384156506983735,3.6132728975525135,3.731837601661024,3.8076792418459995,5.14684685509405,5.204034088736937,5.493239533449331,5.528455278545278
0.06756756756756757,0.9324324324324325,1.318658591942482,0.18290592025392666,0.22538006693265436,0.49376508498758337,0.5485638693761171,3.540748600769196,3.603192723699124,3.734104438902225,3.7972990304343415,5.163722258533497,5.212663512031284,5.512166134182287,5.542168938013776
0.05405405405405406,0.9459459459459459,1.337769586028605,0.18714652062220033,0.22122124597787207,0.49946328865803613,0.5434128237811383,3.543792557650802,3.5937894335445284,3.7370915163385665,3.7876437456202754,5.178858792128732,5.21888929162431,5.528687602159235,5.553143719959303
0.04054054054054054,0.9594594594594594,1.356880580114728,0.19141003840786014,0.21702184471386027,0.5051392520722446,0.5381659274995401,3.547550512756013,3.5850725614176975,3.7408088663143584,3.7787214946724728,5.1920657368506795,5.2226188496491845,5.542561513246026,5.561181021020728
0.02702702702702703,0.972972972972973,1.3759915742008508,0.1956884131644888,0.21278954168840797,0.5107824983201911,0.5328310369647251,3.552023912359741,3.5770502825479404,3.745264097282006,3.7705386168367117,5.203166020105019,5.223794261887879,5.553570039223979,5.566120111964212
0.013513513513513514,0.9864864864864865,1.3951025682869738,0.19997358075247462,0.20853212757368692,0.5163828924625362,0.5274164097906836,3.5572127255461825,3.5697294367475676,3.750462534896385,3.7630996638607423,5.212002673411305,5.222396120659537,5.561532464940735,5.567849718893098
0.,1.,1.4142135623730967,0.20425747717163573,0.2042575020209045,0.5219306394426722,0.5219307124355086,3.5631154464375725,3.5631155900945517,3.7564073428847364,3.75640736463534,5.218445289438514,5.2184453910039625,5.566316866599569,5.566317097903981
0.,0.9811320754716981,1.4330814869013986,0.20123051654096916,0.20721170792381766,0.5180763820350511,0.525795893429941,3.5589885055561212,3.5677344468008365,3.75245700570763,3.7612888984312662,5.213424521181116,5.220990414551535,5.562140102140557,5.567370229859093
0.,0.9622641509433962,1.4519494114297005,0.19811775524646313,0.210106973461074,0.5141889730597916,0.5297156250593518,3.5553304416201277,3.572863299832652,3.7494089756797893,3.7671300164363255,5.205167009985641,5.221891400004851,5.553044947504266,5.567208156582851
0.,0.9433962264150944,1.4708173359580023,0.19490738381855527,0.21295734828089122,0.5102254947765948,0.5337314962942369,3.552115769379527,3.57851221289071,3.747237343918113,3.773955581283433,5.193271668591419,5.221753185785679,5.538676284433889,5.566510277640254
0.,0.9245283018867925,1.4896852604863042,0.19158916614089844,0.21577665625188977,0.5061456305674642,0.5378817287168146,3.549318259201391,3.584680012580424,3.745922967924626,3.781784488887515,5.177717721260265,5.220910956725986,5.519381606802153,5.565420603981946
0.,0.9056603773584906,1.5085531850146061,0.18815475110251867,0.2185779723439437,0.5019129462375136,0.5422000676624895,3.546912278734259,3.591350501854987,3.745457452370416,3.790627817617379,5.1587372659646284,5.219526229303541,5.495732404260981,5.563969394389945
0.,0.8867924528301887,1.527421109542908,0.18459787460187338,0.22137313795622948,0.4974958684324346,0.5467150326888235,3.544873560618829,3.598488503955172,3.745847152514064,3.8004875519858765,5.136697950327706,5.217669686731163,5.468378069930165,5.56216394343157
0.,0.8679245283018868,1.5462890340712099,0.18091446574311282,0.2241723113617781,0.492868353886513,0.5514495239869857,3.543179535237533,3.6060359121771204,3.7471169737582173,3.8113557719321394,5.112028633093016,5.21536216418264,5.437983809803672,5.5600083802388065
0.,0.8490566037735849,1.5651569585995118,0.17710266304009983,0.22698355737036846,0.4880102732109546,0.5564207521426612,3.5418093375512654,3.613908210028918,3.7493135175297483,3.8232141557439534,5.085175811933233,5.212586456405662,5.405202839025203,5.557508814594146
0.,0.8301886792452831,1.5840248831278136,0.17316275241445342,0.22981247181276923,0.482907564665215,0.5616404296536391,3.540743600052269,3.6219923613709866,3.752506695029298,3.836033627573322,5.0565787341620405,5.209276320970035,5.370677943731772,5.554674559930398
0.,0.8113207547169812,1.6028928076561155,0.16909704255915844,0.2326618283190213,0.47755223033874766,0.5671151501223624,3.5399641306771885,3.6301475742874665,3.7567883229295176,3.8497739887105915,5.026656162491487,5.20527025111573,5.335085442897773,5.551518084124042
0.,0.7924528301886793,1.6217607321844174,0.16490969475115197,0.23553122740844576,0.47194225195455647,0.57284688234606,3.5394535520876906,3.638210929618655,3.7622657179826002,3.86438339568729,4.995800659856964,5.20017143864176,5.299278473088804,5.54805455775117
0.,0.7735849056603774,1.6406286567127193,0.16060652374191875,0.23841672101985215,0.4660815006642289,0.5788335168162505,3.5391949539453473,3.6460095401741492,3.7690486193794603,3.8797975783691814,4.964377715972636,5.192897781404916,5.264743602607557,5.544301333294609
0.,0.7547169811320755,1.6594965812410212,0.15619478446258903,0.2413103788678578,0.4599797094931868,0.5850694165711089,3.5391715876521594,3.653378906952374,3.777229753997975,3.8959387217139905,4.932727888956212,5.1804014257142015,5.2348895629597685,5.5402774797947485
0.,0.7358490566037735,1.678364505769323,0.15168295655403527,0.24419975586718193,0.45365257212978755,0.5915459392201959,3.539366615991643,3.6601835167634973,3.786862969482102,3.9127139652919247,4.901170705894394,5.157846809581435,5.2148780268783765,5.536003407041688
0.,0.7169811320754716,1.697232430297625,0.14708053571517438,0.2470672119369326,0.44712202964629244,0.5982519100446373,3.539762918685449,3.6663326791120006,3.7979458967203006,3.93001351000625,4.870009457940886,5.126571738528286,5.203671325866242,5.531500576148093
0.,0.6981132075471698,1.7161003548259268,0.14239783796079805,0.2498890270176096,0.4404168077950257,0.6051740363882682,3.54034294834087,3.6717854115228876,3.8104132852379924,3.9477083722817294,4.839536268869681,5.091842106352346,5.1962862961532315,5.526791281065498
0.,0.6792452830188679,1.7349682793542287,0.1376458203581837,0.2526342468791718,0.43357326985297795,0.61229726097926,3.541088628388115,3.67654334452915,3.8241419914090753,3.965647908721919,4.8100369211547545,5.0563394297936615,5.190315128211478,5.521898484353546
0.,0.660377358490566,1.7538362038825306,0.132835919790373,0.25526319430644234,0.42663664806166796,0.6196050567056184,3.541981284141965,3.6806362039613507,3.83896302070192,3.983657370985249,4.7817948921369595,5.021169214566902,5.1849253916232,5.5168456933198335
0.,0.6415094339622641,1.7727041284108325,0.12797990979525625,0.25772559707457027,0.4196626984369171,0.6270796682454659,3.5430015990564265,3.6841062711574946,3.8546742073522946,4.001535966249476,4.755093882796524,4.986922104564126,5.179807545820081,5.511656866334194
0.,0.6226415094339622,1.7915720529391344,0.12308977450815378,0.2599583422480735,0.41271976511794445,0.6347023073790254,3.5441295898454883,3.6869962274389567,3.8710491663629476,4.019056209655114,4.730217823213632,4.954020992911634,5.174837022370916,5.506356342420455
0.,0.6037735849056604,1.8104399774674362,0.11817759811037619,0.2618830082801581,0.4058910985745697,0.6424533092438333,3.545344595946668,3.6893417275454063,3.887841328411941,4.035965741818291,4.707446973920415,4.922839659274589,5.169965471886336,5.500968789775346
0.,0.5849056603773585,1.8293079019957381,0.1132554678623898,0.263403617038431,0.3992769817388534,0.6503122566170124,3.546625280563487,3.691168038220204,3.904784086022912,4.051993137078654,4.687048503443411,4.893753010150347,5.1651809380637514,5.495519170682455
0.,0.5660377358490566,1.84817582652404,0.1083353886998896,0.26440555442674446,0.3929957121042783,0.6582580787889122,3.5479496421152295,3.692489441308553,3.921589072788381,4.066859273668966,4.669260247111297,4.867163443721428,5.160491541667484,5.490032721519041
0.,0.5471698113207547,1.8670437510523419,0.10342920740579396,0.2647573122199707,0.38718178441712214,0.666269130901341,3.5492950363153324,3.6933102574773353,3.937944996097072,4.080295106148136,4.654267998737653,4.843515271198014,5.155918361758196,5.484534947339659
0.,0.5283018867924528,1.8859116755806438,0.09854854449377308,0.2643172947100243,0.38197902810070355,0.6743232588944268,3.55063821034073,3.6936267363379387,3.953519807213074,4.0920646661527185,4.642180516253733,4.823297305245685,5.151492438315035,5.479051630984383
0.,0.5094339622641509,1.9047796001089456,0.09370473210501992,0.2629475706543028,0.377526817079708,0.682397854498798,3.5519553516682922,3.693429402615552,3.967969420854247,4.101988812992889,4.633012404074748,4.807027143722029,5.147253936856099,5.473608856881261
0.,0.49056603773584906,1.9236475246372475,0.08890875638735313,0.2605339958314914,0.373939925209397,0.6904699040575233,3.553222155251308,3.6927056706523786,3.9809562029561376,4.109961977219732,4.626690159904303,4.795207389598879,5.143252711311338,5.468233049710669
0.,0.4716981132075472,1.9425154491655494,0.08417120299697306,0.2570075999643405,0.37128713233371086,0.6985160343908124,3.5544139138664357,3.6914426509430873,3.9921789378528603,4.115953784061878,4.623093329187464,4.788248598190456,5.1395500328272545,5.462951027866994
0.,0.4528301886792453,1.9613833736938513,0.07950220450929617,0.25235853400701574,0.3695772839748945,0.7065125584146598,3.5555056378432477,3.689630102311785,4.0014117636439845,4.119992803085139,4.622123235808184,4.786371747276447,5.13622154113974,5.457790071116829
0.,0.4339622641509434,1.9802512982221532,0.07491138865626411,0.24663570280738328,0.3687596787987259,0.7144355227907436,3.556472212202239,3.6872634589096935,4.008542935644451,4.122139799177859,4.6237635000219806,4.789527593068046,5.133361676287689,5.4527780008763305
0.,0.41509433962264153,1.999119222750455,0.07040782642187342,0.23993261005549277,0.36873825621146983,0.7222607595092287,3.557288601786435,3.684346804936978,4.0135990100372485,4.122465929192336,4.6280892255217845,4.797374682183828,5.1310900118206435,5.447943269898113
0.,0.39622641509433965,2.017987147278757,0.0659999791319529,0.2323667688000261,0.36939223014947553,0.7299639429741617,3.557930118730252,3.6808956031390596,4.016742096076375,4.121048969817153,4.63521483217745,4.809324948122551,5.129560013818162,5.443315055541281
0.,0.37735849056603776,2.036855071807059,0.061695643786939036,0.22406090805714446,0.37059493791834114,0.7375206538546257,3.558372772130101,3.6769389278189277,4.0182388748924325,4.117987557828017,4.645214756645829,4.824623762799514,5.128970659069851,5.438923346707138
0.,0.3584905660377358,2.055722996335361,0.05750189601551685,0.21513034220350777,0.3722265367887937,0.7449064506860349,3.5585937276200172,3.672520930443809,4.0184129420097605,4.113420489445001,4.658062089526543,4.842421198955481,5.1295806991354285,5.434799008288311
0.,0.33962264150943394,2.0745909208636633,0.053425030210828874,0.20567671642531551,0.3741803344723699,0.7520969499299429,3.5585719148888657,3.6677012903790898,4.01759704452454,4.107536495842356,4.673606743924582,4.86181329526509,5.131723374984008,5.430973797693194
0.,0.32075471698113206,2.0934588453919654,0.049470496668760876,0.19578630354221185,0.3763645775266948,0.7590679149266171,3.558288832930518,3.662554476681931,4.016097130846705,4.100568777756613,4.691587749375234,4.881859402142687,5.135814809485363,5.4274802945393485
0.,0.3018867924528302,2.1123267699202675,0.04564283594360807,0.18553082966181836,0.37870171957158794,0.7657953538967605,3.5577296122075817,3.657167756626005,4.014171854691351,4.092778318120184,4.71166260720773,4.90159970876403,5.142341377764383,5.424351685718761
0.,0.2830188679245283,2.1311946944485696,0.041945611231088614,0.17496937345278835,0.38112662381211093,0.7722556268622525,3.556884391375905,3.6516380117563267,4.012025214918278,4.084433828315086,4.733438521415831,4.920104739964845,5.151803821089632,5.421621322729628
0.,0.2641509433962264,2.1500626189768717,0.03838134049168494,0.16415050731114647,0.38358453083603145,0.7784255610577838,3.55575003897468,3.646067545617894,4.00980788341976,4.075794553933647,4.756497210220068,4.936578165158199,5.164603142813866,5.419321936492081
0.,0.24528301886792453,2.168930543505174,0.0349514314146858,0.15311428765808302,0.38602918362490324,0.7842825740990881,3.5543321785280955,3.6405591858558792,4.007623121993969,4.0670987043071225,4.780411095713797,4.950491488079944,5.180893157266586,5.417484359594913
0.,0.22641509433962265,2.187798468033476,0.031656124479734565,0.14189395239595917,0.3884212508902734,0.7898048038656855,3.552647345519033,3.6352111058332777,4.0055343933323995,4.058557571980543,4.804752141620227,4.961674522060367,5.200477378469274,5.416135575437376
0.,0.20754716981132076,2.206666392561778,0.028494452840184356,0.13051730677152457,0.39072706657430784,0.7949712437470263,3.5507249292805807,3.630111916831555,4.003572954118581,4.050354110987556,4.829095864263778,4.9702913339212555,5.222821231222654,5.415295906566502
0.,0.18867924528301888,2.22553431709008,0.025464233590180536,0.11900783016486445,0.392917652066937,0.7997618816050608,3.5486083919279765,3.625336672817248,4.0017446474253795,4.042644414720906,4.853023035292758,4.976717121876922,5.24716446199307,5.414975205191796
0.,0.16981132075471697,2.244402241618382,0.022562115462447095,0.10738555168879413,0.3949679723133717,0.8041578405317332,3.54635521409016,3.6209444032618965,4.000035886721426,4.035560531642996,4.8761210397984955,4.981398070080114,5.272652114937865,5.41516807330239
0.,0.1509433962264151,2.2632701661466843,0.01978372835469378,0.09566774196559348,0.3968563775364062,0.8081415192383979,3.544035187141207,3.616977566694225,3.9984196752756764,4.029212866768524,4.8979860551901275,4.984756735282138,5.298422285011335,5.415848497401436
0.,0.1320754716981132,2.2821380906749864,0.017124023181713677,0.08386946205379123,0.39856418874577365,0.8116967297214037,3.5417270492159343,3.613463409262,3.996863573838017,4.02368981254511,4.918226138239792,4.987152600881377,5.323642433419117,5.416964936797456
0.,0.11320754716981132,2.3010060152032885,0.01457799078453158,0.07200400284159321,0.40007539297581707,0.814808829710817,3.5395139028006968,3.6104167616535063,3.995342228421231,4.019051837359583,4.936463595395387,4.988880476580788,5.347514038986203,5.418438016184212
0.,0.09433962264150944,2.3198739397315906,0.012142206539078736,0.06008324115356061,0.40137642142380947,0.817464847343844,3.537478145779713,3.6078435176967396,3.9938550494517506,4.01531943109024,4.95233176798468,4.990191245355932,5.369265088514001,5.4201650099513
0.,0.07547169811320754,2.3387418642598927,0.009818390175190032,0.04811793294650953,0.4024559897547398,0.8196535955208628,3.5356966676729558,3.6057440295142213,3.992442364276349,4.012461642500073,4.965455163860518,4.991333044126781,5.388137401926205,5.422040201169045
0.,0.05660377358490566,2.357609788788195,0.007622601069996806,0.03611795935336145,0.40330498476419774,0.8213657734976276,3.534236843529129,3.6041158861195988,3.9911863824755893,4.010398944424162,4.975403397698266,4.992615784447971,5.4033534022493495,5.42401478796091
0.,0.03773584905660377,2.376477713316497,0.005612729545801096,0.024092537820424333,0.4039163854985226,0.8225940534571807,3.533153545939678,3.6029558645074085,3.9901907167193125,4.009026754961586,4.981755888903298,4.994359344732048,5.414031661641055,5.426228173027451
0.,0.018867924528301886,2.395345637844799,0.0039805897614319475,0.012050407978820737,0.40428521003502865,0.8233331500725769,3.532487134324169,3.6022611093963395,3.9895504918789517,4.008247639541701,4.984772563851204,4.99622992531495,5.419530063664699,5.428725657816386
0.,0.,2.414213562373101,8.638384462814014e-9,0.0032675040616205347,0.40440848163303467,0.8235798714280494,3.532262239169377,3.6020297406164437,3.9893296826752715,4.0079955960577305,4.985583747733129,4.997052747994717,5.420981257873875,5.429984984917542
